source,title,link,time
R/GAMING,Pokemon,https://www.reddit.com/r/gaming/comments/c6x78e/pokemon/,2019-06-29 06:03:35
R/MOVIES,Movie Talkers talk Annabelle Comes Home,https://www.reddit.com/r/movies/comments/c6x74c/movie_talkers_talk_annabelle_comes_home/,2019-06-29 06:03:16
R/GAMING,How do offline games know how much time has passed when you have had it closed?,https://www.reddit.com/r/gaming/comments/c6x6u8/how_do_offline_games_know_how_much_time_has/,2019-06-29 06:02:19
R/MOVIES,John Wick directors David Leitch and Chad Stahelski want to remake Bloodsport (1988),https://www.reddit.com/r/movies/comments/c6x6tq/john_wick_directors_david_leitch_and_chad/,2019-06-29 06:02:16
R/GAMING,Top 10 anime betrayals,https://www.reddit.com/r/gaming/comments/c6x6rc/top_10_anime_betrayals/,2019-06-29 06:02:02
R/GAMING,"The best that happend with Star Wars games on last years,",https://www.reddit.com/r/gaming/comments/c6x4yp/the_best_that_happend_with_star_wars_games_on/,2019-06-29 05:55:49
HNEWS,Italy Arrests Captain of Ship That Rescued Dozens of Migrants at Sea,https://www.nytimes.com/2019/06/29/world/europe/italy-migrants-captain-arrest.html,2019-06-29 05:53:23
R/GAMING,Is fortnite harder then most other FPS games?,https://www.reddit.com/r/gaming/comments/c6x3ng/is_fortnite_harder_then_most_other_fps_games/,2019-06-29 05:51:11
R/GAMING,I was walking down the street when out the corner of my eye I saw an EPIC GAMES approaching me...,https://www.reddit.com/r/gaming/comments/c6x1ya/i_was_walking_down_the_street_when_out_the_corner/,2019-06-29 05:45:12
HNEWS,Information doesn't want to be free [video],https://www.youtube.com/watch?v=-or9aNnz-CA,2019-06-29 05:44:51
HNEWS,How and when did American spelling supersede British spelling in the US?,https://english.stackexchange.com/questions/87978/how-and-when-did-american-spelling-supersede-british-spelling-in-the-us,2019-06-29 05:43:48
R/MOVIES,Project Free Tv - Watch FREE Movies Online and Tv Series Episodes,https://www.reddit.com/r/movies/comments/c6x1es/project_free_tv_watch_free_movies_online_and_tv/,2019-06-29 05:43:20
R/GAMING,Next gaming mouse: should I get a Naga trinity or is there a better alternative?,https://www.reddit.com/r/gaming/comments/c6x12e/next_gaming_mouse_should_i_get_a_naga_trinity_or/,2019-06-29 05:42:04
HNEWS,Max software outsourced to $12.80-an-hour engineers,https://www.theage.com.au/business/companies/boeing-s-737-max-software-outsourced-to-12-80-an-hour-engineers-20190629-p522h4.html,2019-06-29 05:41:24
R/MOVIES,I ranked all mcu movies before spiderman far from home,https://www.reddit.com/r/movies/comments/c6x0um/i_ranked_all_mcu_movies_before_spiderman_far_from/,2019-06-29 05:41:15
R/GAMING,I am looking for game suggestions akin to X-Universe. Is there anything that comes close to that or better? Any input would be appreciated. Online multiplayer systems would be awesome also. That is if anything like it exists. Thanks!,https://www.reddit.com/r/gaming/comments/c6x0m2/i_am_looking_for_game_suggestions_akin_to/,2019-06-29 05:40:25
HNEWS,"Next BMW electric might sound fabulous, thanks to Hans Zimmer",https://thenextweb.com/cars/2019/06/28/your-next-bmw-electric-might-sound-fabulous-thanks-to-hans-zimmer/,2019-06-29 05:33:52
R/MOVIES,This scene was utter bullshit. I immediately walked out the theatre after seeing this nonsense.,https://www.reddit.com/r/movies/comments/c6wy02/this_scene_was_utter_bullshit_i_immediately/,2019-06-29 05:31:10
HNEWS,Sneaky deals are keeping cheaper generic medicines off the market,https://www.latimes.com/business/lazarus/la-fi-lazarus-generic-drugs-pay-for-delay-20190627-story.html#nws=mcnewsletter,2019-06-29 05:28:47
HNEWS,Valve Index Review: Next-Level VR,https://www.engadget.com/2019/06/28/valve-index-review-vr/,2019-06-29 05:27:59
HNEWS,New Vue Admin Dashboard Template with Node.js Back End,https://flatlogic.com/admin-dashboards/sing-app-vue-node-js,2019-06-29 05:21:13
HNEWS,"The Vindicator, Youngstown’s daily newspaper, will close after 150 years",https://www.cleveland.com/news/2019/06/the-vindicator-youngstowns-daily-newspaper-will-close-after-150-years.html,2019-06-29 05:21:02
R/MOVIES,Fast and Curious | What happened to F&F and where is the main casts? Stopping milking the franchise it’s over,https://www.reddit.com/r/movies/comments/c6wvaz/fast_and_curious_what_happened_to_ff_and_where_is/,2019-06-29 05:20:51
HNEWS,Trump Allows U.S. Sales to Huawei as Trade Talks Resume,https://www.wsj.com/articles/trump-says-he-is-set-to-discuss-huawei-with-xi-11561769726?mod=rsswn,2019-06-29 05:20:38
R/GAMING,it's boiling hot,https://www.reddit.com/r/gaming/comments/c6wuzr/its_boiling_hot/,2019-06-29 05:19:50
HNEWS,React Dashboards – Index Provided by Admin-Dashboards.com,https://medium.com/@appseed.us/react-dashboards-open-source-admin-dashboards-com-ddb2738a6cf6,2019-06-29 05:18:53
R/GAMING,How can I upgrade my MSI codex 3?,https://www.reddit.com/r/gaming/comments/c6wumn/how_can_i_upgrade_my_msi_codex_3/,2019-06-29 05:18:34
R/GAMING,What to look for in a TV for best Console Experience?,https://www.reddit.com/r/gaming/comments/c6ws30/what_to_look_for_in_a_tv_for_best_console/,2019-06-29 05:09:28
R/GAMING,Am I the only one who wants a new fight night?!,https://www.reddit.com/r/gaming/comments/c6ws19/am_i_the_only_one_who_wants_a_new_fight_night/,2019-06-29 05:09:20
HNEWS,Google Stadia game prices announced,https://www.isthemessage.net/games/google-stadia-game-prices-announced/,2019-06-29 05:08:47
R/MOVIES,Will ‘Avengers: Endgame’ Ever Beat ‘Avatar’s Global Box Office Record?,https://www.reddit.com/r/movies/comments/c6wrob/will_avengers_endgame_ever_beat_avatars_global/,2019-06-29 05:07:55
HNEWS,Book on mental health/mental fitness for devs/engineers. Request for comments,https://twitter.com/danfrost/status/1144693810288570370,2019-06-29 05:07:48
R/GAMING,New to MMOs FFXIV or ESO?,https://www.reddit.com/r/gaming/comments/c6wrn8/new_to_mmos_ffxiv_or_eso/,2019-06-29 05:07:45
HNEWS,VR headsets you can buy in 2019,https://arstechnica.com/gaming/2019/06/guidemaster-is-valve-index-the-best-virtual-reality-system-to-buy-in-2019/,2019-06-29 05:07:18
HNEWS,The Basics to Web Scraping with Curl and XPath,https://www.256kilobytes.com/content/show/10842/the-basics-to-web-scraping-with-curl-and-xpath,2019-06-29 04:58:56
R/MOVIES,Is there a place to watch all avengers movies?,https://www.reddit.com/r/movies/comments/c6woxc/is_there_a_place_to_watch_all_avengers_movies/,2019-06-29 04:58:05
HNEWS,"DOJ probe expands beyond Boeing 737 MAX, includes 787 Dreamliner",https://www.seattletimes.com/business/boeing-aerospace/federal-prosecutors-issue-subpoena-for-boeing-787-dreamliner-records/,2019-06-29 04:57:53
R/MOVIES,"To Live and Die in LA is an under appreciated masterpiece, that isn't as highly regarded as it should be. A mild rant.",https://www.reddit.com/r/movies/comments/c6wovg/to_live_and_die_in_la_is_an_under_appreciated/,2019-06-29 04:57:52
R/GAMING,The only thing i don't like about cadence is how short boss battle are ♥,https://www.reddit.com/r/gaming/comments/c6woh3/the_only_thing_i_dont_like_about_cadence_is_how/,2019-06-29 04:56:10
R/GAMING,I feel like this is how E3 went.,https://www.reddit.com/r/gaming/comments/c6wofn/i_feel_like_this_is_how_e3_went/,2019-06-29 04:56:00
HNEWS,Synapse: Matrix homeserver for federated IM,https://github.com/matrix-org/synapse/,2019-06-29 04:55:36
R/GAMING,Steams Summer Sale mini game,https://www.reddit.com/r/gaming/comments/c6wo92/steams_summer_sale_mini_game/,2019-06-29 04:55:12
HNEWS,GraphQL – The Pros and the Cons,https://ednsquare.com/story/graphql-the-pros-and-the-cons------E5k6GO,2019-06-29 04:54:39
R/MOVIES,Then and now - the action movie heroes of my youth.,https://www.reddit.com/r/movies/comments/c6wn8a/then_and_now_the_action_movie_heroes_of_my_youth/,2019-06-29 04:51:28
HNEWS,Runs on the Librem 5 Smartphone – Week 1,https://puri.sm/posts/runs-on-the-librem-5-smartphone-week-1/,2019-06-29 04:49:37
R/GAMING,"Hey Ubisoft, fix your fucking game!",https://www.reddit.com/r/gaming/comments/c6wm56/hey_ubisoft_fix_your_fucking_game/,2019-06-29 04:47:13
R/MOVIES,These are next to each other on IMDb top 250 movies of all time,https://www.reddit.com/r/movies/comments/c6wljj/these_are_next_to_each_other_on_imdb_top_250/,2019-06-29 04:44:53
R/GAMING,The Old New Mario has been beaten.,https://www.reddit.com/r/gaming/comments/c6wlbh/the_old_new_mario_has_been_beaten/,2019-06-29 04:44:06
R/GAMING,I just witnessed a user answering the other's question right above the post!,https://www.reddit.com/r/gaming/comments/c6wl8t/i_just_witnessed_a_user_answering_the_others/,2019-06-29 04:43:49
HNEWS,DOJ's Boeing investigation expands to 787 Dreamliner,https://edition-m.cnn.com/2019/06/28/politics/boeing-investigation-expands-787-dreamliner/index.html,2019-06-29 04:41:57
R/GAMING,This is killing me rn,https://www.reddit.com/r/gaming/comments/c6wjzo/this_is_killing_me_rn/,2019-06-29 04:39:15
R/GAMING,Rainbow six is fun yeeeee,https://www.reddit.com/r/gaming/comments/c6wjut/rainbow_six_is_fun_yeeeee/,2019-06-29 04:38:40
R/MOVIES,The Toy Story Theory (Karsten Runquist),https://www.reddit.com/r/movies/comments/c6wish/the_toy_story_theory_karsten_runquist/,2019-06-29 04:34:41
R/GAMING,is just cause 4 worth buying,https://www.reddit.com/r/gaming/comments/c6wi91/is_just_cause_4_worth_buying/,2019-06-29 04:32:40
R/GAMING,Finally got my first gamisng notebook,https://www.reddit.com/r/gaming/comments/c6wi0w/finally_got_my_first_gamisng_notebook/,2019-06-29 04:31:45
R/GAMING,This was one of my rewards today in smash.,https://www.reddit.com/r/gaming/comments/c6wh4m/this_was_one_of_my_rewards_today_in_smash/,2019-06-29 04:28:31
R/GAMING,"Bought Skyrim again after 7 years ( SE version). Added 500 mods. This game is like new game completely. Dynamic lightning, Massive foliage, hundreds new weapons, dozens new enemies, 4K res everywhere, AMAZING atmosphere in whole game. Running steady 60 fps with 1070 and 8750k 5ghz",https://www.reddit.com/r/gaming/comments/c6wgns/bought_skyrim_again_after_7_years_se_version/,2019-06-29 04:26:48
R/MOVIES,Yesterday Easter Egg [No Spoilers],https://www.reddit.com/r/movies/comments/c6weoi/yesterday_easter_egg_no_spoilers/,2019-06-29 04:19:38
R/MOVIES,Mark Wahlberg to Replace Chris Evans in ‘Infinite’,https://www.reddit.com/r/movies/comments/c6vyc6/mark_wahlberg_to_replace_chris_evans_in_infinite/,2019-06-29 03:22:03
R/MOVIES,I made some changes to the new Charlie's Angels poster. I think Elizabeth Banks would approve.,https://www.reddit.com/r/movies/comments/c6vw9s/i_made_some_changes_to_the_new_charlies_angels/,2019-06-29 03:15:21
R/MOVIES,Yesterday cast,https://www.reddit.com/r/movies/comments/c6vuef/yesterday_cast/,2019-06-29 03:08:57
R/MOVIES,Why do older movies have those black and white dots and specks that pop all over the screen?,https://www.reddit.com/r/movies/comments/c6vo93/why_do_older_movies_have_those_black_and_white/,2019-06-29 02:48:03
R/MOVIES,A question to the sub about Spoiler Fear or Spoiler Outrage. (No spoilers just talking about society.),https://www.reddit.com/r/movies/comments/c6vjjc/a_question_to_the_sub_about_spoiler_fear_or/,2019-06-29 02:31:01
R/MOVIES,"Filmmaker Gary Dauberman wishes he referenced ""The Tale of the Phone Police"" in his Are You Afraid of the Dark? script",https://www.reddit.com/r/movies/comments/c6vijq/filmmaker_gary_dauberman_wishes_he_referenced_the/,2019-06-29 02:27:36
R/MOVIES,Melissa McCarthy Joins ‘The Little Mermaid’ as Ursula,https://www.reddit.com/r/movies/comments/c6vg3s/melissa_mccarthy_joins_the_little_mermaid_as/,2019-06-29 02:19:19
R/MOVIES,Directors that Every Filmmaker Should Study Part 1,https://www.reddit.com/r/movies/comments/c6vf8z/directors_that_every_filmmaker_should_study_part_1/,2019-06-29 02:16:23
R/MOVIES,Paramount pictures 100th anniversary photo,https://www.reddit.com/r/movies/comments/c6vak4/paramount_pictures_100th_anniversary_photo/,2019-06-29 02:00:43
R/MOVIES,"Shia LaBeouf Says He's Never Felt Better, but Knows He's On His ""Ninth Life""",https://www.reddit.com/r/movies/comments/c6v5w7/shia_labeouf_says_hes_never_felt_better_but_knows/,2019-06-29 01:45:30
R/MOVIES,Suspiria (2018),https://www.reddit.com/r/movies/comments/c6v1zx/suspiria_2018/,2019-06-29 01:33:10
R/MOVIES,What are some must see movies I need to see?,https://www.reddit.com/r/movies/comments/c6uzqf/what_are_some_must_see_movies_i_need_to_see/,2019-06-29 01:25:39
